question,keywords,answer
How is the academic session structured at the University of Ibadan?,ui academic session; session; academic session,"The University of Ibadan operates on a two-semester academic session. | Each semester consists of teaching, revision, examinations, and result processing."
What is the academic calendar for the first semester at UI?,first semester; academic calendar; first semester academic calendar,"Online Registration (New Students): Begins Monday, 10th February 2025 | Virtual Orientation: Wednesday, 12th February 2025 | Virtual Lectures: 17th February – 28th March 2025 (6 weeks) | Post-Virtual Lectures Break: 31st March – 11th April 2025 | Physical Resumption (New Students): 14th April 2025 | Forest Resources Management and Wildlife | Matriculation Ceremony: 16th April 2025 | Teaching & Continuous Assessment: 22nd April – 4th July 2025 (11 weeks) | GES Exams: 7th July – 11th July 2025 | Faculty Exams: (Different schedules for faculties from 14th July – 8th August 2025)"
What is the second semester academic calendar for University of Ibadan,second semester; academic calendar; second semester academic calendar,Teaching & Continuous Assessment: 25th August – 7th November 2025 (11 weeks) | First Semester Results Processing: 15th September – 26th September 2025 | Faculty Exams: (Different schedules for faculties from 17th November – 12th December 2025) | Processing of Second Semester Results: 15th December 2025 – 2nd January 2026 | Final Senate Consideration: 26th January – 28th January 2026 | New Session Resumption: 16th February 2026
When do exams take place at the University of Ibadan?,exam time; exam period; examination period; exams date; examination date; exam schedule; examination schedule,First Semester GES Exams: 7th – 11th July 2025 | First Semester Faculty Exams: 14th July – 8th August 2025 | Agronomy | Second Semester GES Exams: 10th – 14th November 2025 | Second Semester Faculty Exams: 17th November – 12th December 2025
When is the matriculation ceremony at UI?,matriculation ceremony; matric day; matriculation daynew students,"The matriculation ceremony for freshers is scheduled for Wednesday, 16th April 2025."
When does the new academic session begin at University of Ibadan,resumption; new session; start date,"The 2025/2026 academic session begins on Monday, 16th February 2026."
Faculty of Agriculture and Forestry at the University of Ibadan,faculties; faculty of agriculture; forestry; agriculture and forestry; agroforestry; sustainable agriculture; agriculture courses,Agricultural Economics | Agricultural Extension Services & Rural Development | Agronomy | Animal Science and Crop Protection | Aquaculture and Fisheries Management | Forest Resources Management and Wildlife | Renewable Natural Resources | Wildlife and Ecotourism Management
Faculty of Arts at the University of Ibadan,arts department; faculties; faculty of arts; theatre arts,Adult Education | Classical Studies | Communication and Language Arts | Communication and Language Arts Education | Early Childhood Education | Education and Geography | Education and History | Education and Islamic Studies | Education and Political Science | Education and Religious Studies | Geography | Guidance and Counselling | History | International Relations | Islamic Studies | Law | Library and Information Science | Music | Philosophy | Political Science | Psychology | Religious Studies | Special Education | Theatre Arts | European Studies | Literature | Translation and Interpretation
Faculty of Education at the University of Ibadan,faculty of education; faculties; education department; adult education; ui teacher education; ui special education,Adult Education | Educational Management | Guidance and Counselling | Human Kinetics and Health Education | Library and Information Science | Science Education | Social Studies Education | Teacher Education (Arts) | Teacher Education (Science) | Vocational and Technical Education
College of Medicine at the University of Ibadan,college; medical school; mbbs programCollege of medicine; nursing science,Anatomy | Anesthesia | Biochemistry | Chemical Pathology | Community Medicine | Dentistry | Forensic Medicine | Human Nutrition | Medicine and Surgery | Microbiology | Obstetrics and Gynaecology | Ophthalmology | Oral Pathology | Orthopedics and Traumatology | Paediatrics | Pharmacology | Physiology | Physiotherapy | Psychiatry | Radiology | Surgery
Faculty of Pharmacy at the University of Ibadan,faculty of pharmacy; faculties; pharmacy department; clinical pharmacy; pharmacy administration; pharmaceutical chemistry; pharmaceutics and industrial pharmacy,Clinical Pharmacy and Pharmacy Administration | Pharmaceutical Chemistry | Pharmaceutics and Industrial Pharmacy | Pharmaceutical Microbiology | Pharmacognosy | Pharmacology and Toxicology
Faculty of Science at the University of Ibadan,faculty of science; university of ibadan science; faculties; science department; animal science; botany; microbiology; computer science,Archaeology and Anthropology | Biochemistry | Botany | Chemistry | Computer Science | Geography | Geology | Mathematics | Microbiology | Physics | Statistics | Zoology
Faculty of Social Sciences at the University of Ibadan,faculty of social sciences; university of ibadan social sciencessocial science; faculties; social sciences department; demography and social statistics; sociology department,Economics | Geography | Political Science | Psychology | Sociology
Faculty of Veterinary Medicine at the University of Ibadan,faculty of veterinary medicineuniversity of ibadan veterinary medicine; veterinary deparment; faculties; veterinary sciences; vet med,Veterinary Medicine
Faculty of Law at the University of Ibadan,faculty of law; law department; university of ibadan law; faculties; jurisprudence; laws and administrative Law; laws and criminal Law; laws and property law; laws and torts,Law
Faculty of Technology at the University of Ibadan,faculty of technologytechnology department; faculties; university of ibadan technology; engineering department; chemical engineering; civil engineering; computer engineering,Agricultural and Environmental Engineering | Civil Engineering | Electrical and Electronics Engineering | Food Technology | Industrial and Production Engineering | Mechanical Engineering | Petroleum Engineering | Wood Products Engineering
Faculty of Environmental Design and Management at the University of Ibadan,faculty of environmental design; university of ibadan environmental design; faculties; environmental management; environmental design and management department; quantity surveying,Architecture | Estate Management | Urban and Regional Planning | Quantity Surveying
Faculty of Economics and Management Sciences at the University of Ibadan,faculties; faculty of economics and management sciences; university of ibadan economics and management sciences; economics and management sciences deparment; economics and management sciences; entrepreneurship studies; business administration,Agricultural Economics | Economics | Sociology
Faculty of Engineering at the University of Ibadan,faculty of engineering; university of ibadan engineering; engineering department; faculty,Agricultural Engineering | Civil Engineering | Electrical and Electronic Engineering | Environmental Engineering | Industrial Engineering | Mechanical Engineering | Petroleum and Gas Engineering
Faculty of Language & Cultural Studies at the University of Ibadan,faculty of languages; faculty of artsuniversity of ibadan languages; languages department; linguistics department; cultural; communication and language artsfaculties,African Languages | Arabic | Classical Languages | English | French | Linguistics
Faculty of Medicine & Health at the University of Ibadan,faculty of medicine and healthcollege of medicine; faculty of basic medical sciences; faculty of clinical scienceshealth science; nursing science; faculties,Anaesthesiology | Dentistry | Gynaecology and Obstetrics | Nursing | Paediatrics | Physical Therapy | Psychiatry and Mental Health | Psychology | Public Health | Surgery
Faculty of Science & Technology at the University of Ibadan,faculty of science and technologyfaculty of science; science and technology department; faculties,Agronomy | Animal Husbandry | Anthropology | Aquaculture | Archaeology | Botany | Chemistry | Computer Science | Crop Production | Fishery | Forestry | Geology | Mathematics | Microbiology | Occupational Therapy | Ophthalmology | Otorhinolaryngology | Pharmacy | Physics | Radiology | Rural Planning | Statistics | Town Planning | Veterinary Science | Zoology
Diploma Courses in University of Ibadan,Diploma Courses; UI Diploma Programs; University of Ibadan Diploma; Diploma Course Details; Diploma Education UI; Diploma Program Offerings,Diploma in School Media (DSM) | Wildlife Management | Fisheries Management | Agriculture | Animal Health | Hotel and Catering Management | Hospitality Management
Undergraduate Admission Requirements in University of Ibadan,Undergraduate Admission Requirements; UI Admission Criteria; University of Ibadan Entry Requirements; UI Undergraduate Eligibility; Admission Guidelines UI; University of Ibadan Admissions; admission requirements; admission requirements for undergraduates; undergraduates admission requirements,"JAMB Cut-off Marks: The general JAMB cut-off mark for the University of Ibadan is 200 and above for all courses. | O-Level Requirements: Candidates must have at least five (5) O-level credits in relevant subjects, including English and Mathematics. For some faculties like Medicine and Pharmacy, credits must be obtained in one sitting. | Post-UTME: Candidates must participate in the UI Post-UTME screening and perform well to be considered for admission. | Subject Combinations: Candidates must select the recommended subject combinations for their courses during JAMB registration."
Direct Entry Admission Requirements at University of Ibadan,entry level requirements; Direct Entry Admission Requirements; Direct Entry Criteria; Direct Entry Eligibility; Direct Admission Guidelines; Direct Entry Qualifications; Direct Entry Requirements; Direct University Admission,"Candidates must have at least five (5) O-level credits, including English and Mathematics, and hold a relevant qualification such as: | - A-level passes | - OND (Upper Credit) | - HND (Upper Credit) | - NCE (Two passes in relevant subjects) | - Degree from a recognized institution. | Direct Entry candidates must upload their credentials to the UI portal."
Postgraduate Admission Requirements at University of Ibadan,Postgraduate Admission Requirements; Postgraduate Admission Criteria; Postgraduate Entry Requirements; Graduate Admission Requirements; Postgraduate Eligibility; University Postgraduate Admission; UI Postgraduate Admission,"Basic Qualification: A first degree from the University of Ibadan or other recognized institutions is required. | Degree Classification: A bachelor’s degree with at least Second Class Upper Division is typically required for Master’s programs. | English Proficiency: Proficiency in English is required, and foreign applicants may need to take a proficiency test. | Recommendation: Admission is based on academic merit and recommendations from the Faculty Postgraduate Committee. | Types of Admission: Full-time and part-time options are available, with specific conditions for each."
Undergraduate program course duration at the University of Ibadan,Undergraduate program course duration; Undergraduate course length; UI course duration; University of Ibadan program duration; UI undergraduate length; University undergraduate duration; Course duration at UI,"General- 3 to 6 years, depending on the faculty and course. | Medicine and Surgery: 6 years | Dentistry: 5 years | Law: 5 years | Engineering: 5 years | Science, Social Sciences, Arts, Education: 4 years"
Postgraduate Programs course duration at the University of Ibadan,Postgraduate Programs course duration; Postgraduate course length UI; University of Ibadan postgraduate duration; Graduate program duration; UI postgraduate course length; Course duration for postgraduate programs; postgraduate duration at ui,"Master's Degree: 2 years full-time, 3 years part-time | M.Phil.: 2 years full-time | Ph.D.: 3 years full-time, 5 years part-time | PGD: 1 year full-time"
Diploma program course duration at Univesity of Ibadan,Diploma program course duration; Diploma course length; Diploma program duration; UI diploma course duration; University diploma duration; Diploma duration; Course length for diploma programs; course duration,Diploma Programs: 1 to 2 years
Research Centers and Institutes at University of Ibadan,Research Centers and Institutes; University of Ibadan research centers; UI research institutes; UI research; Academic research centers UI; UI institutes; University research centers,"Institute for Advanced Medical Research and Training (IAMRAT): Focuses on multidisciplinary medical research, including infectious diseases and genetics. Units include Ethics Committee, Drug and Cancer Research, Environmental Sciences & Toxicology, Genetics & Cancer, etc. | Institute of Child Health: Conducts research related to child health and development. | Institute of Cardiovascular Diseases: Focuses on cardiovascular health research. | Institute of Infectious Diseases: Related research is conducted under IAMRAT. | Institute of African Studies: Conducts research on African cultures, history, and social issues. | Centre for General Studies (CGS): Provides foundational education and research support across disciplines. | Yoruba Language Centre: Focuses on Yoruba language and cultural research. | Nigerian Institute of Social and Economic Research (NISER): Conducts social and economic policy research, headquartered at the University of Ibadan."
What are the general tuition fees at the University of Ibadan?,General Tuition Fees; University of Ibadan Tuition Fees; UI Tuition Costs; General Fees UI; Tuition Fee Details; Tuition Cost University of Ibadan; General Fee Structure UI; tuition fee,General Fees are: | Acceptance Fee: 50000 | Application Form prices: | Academic Programs: 20000 | Professional Programs: 25000 | Re-Issuance of Lost Certificate: 25000 | Verification of Results/Certificates/Transcripts | Institutions/Organizations: 5000 | Individuals: 1000 | Proficiency in English Language Letter: 1000 | Letter of Attestation: 1000
Undergraduate Tuition Fees at the University of Ibadan?,tuition fee; Undergraduate Tuition Fees; University of Ibadan Tuition Fees; UI Undergraduate Fees; Undergraduate Fee Structure UI; UI Tuition Costs; Tuition Details for UI Undergraduate; Undergraduate Costs at University of Ibadan,"Faculty of Agriculture: Agricultural Extension and Rural Development: 100L/DE (Freshers): 36800, 200L: 25250, 300L: 22150, 400L: 31150, 500L: 25650 | Forest Resources Management: 100L/DE (Freshers): 68500, Returning Students (300L/400L): 78000 | Faculty of Arts: General: 100L/DE (Freshers): 79000, Returning Students (200L, 300L): 68500 | Archaeology and Anthropology: 100L: 230000, Returning Students: 412000 | Linguistics and African Languages: Acceptance Fee: 21000, School Fees: 79000 | Faculty of Law: 100L/DE (Freshers): 79000, Returning Students (200L): 68500, Acceptance Fee: 21000 | College of Medicine Biochemistry and Physiology: 100L (Freshers): 300000, Returning Students: 260000, Acceptance Fee: 50000 | Faculty of Science: Anthropology 100L/DE (Freshers): 163200, Returning Students (200L): 101200 | Archaeology: 100L/DE (Freshers): 79000, Returning Students (200L): 68500 | Botany: 100L/DE (Freshers): 79000, Returning Students (200L): 68500, Acceptance Fee: 21000 | Chemistry: 100L/DE (Freshers): 325000 | Computer Science: 100L/DE (Freshers): School Fees: 79000, Acceptance Fee: 21000, Total: 100000 | Returning Students: School Fees: 68500 | Geography: 100L/DE (Freshers): School Fees: 79000, Acceptance Fee: 21000, Total: 100000, Returning Students (200L): School Fees: 68500 | Geology: 100L/DE (Freshers): School Fees: 79000, Acceptance Fee: 21000, Total: 89000 | Mathematics: 100L/DE (Freshers): School Fees: 79000, Acceptance Fee: 21000, Total: 100000 Returning Students (200L): School Fees: 68500 | Microbiology: 100L/DE (Freshers): School Fees: 525000, Acceptance Fee: 50000 | Physics: 100L/DE (Freshers): School Fees: 79000, Acceptance Fee: 21000 Returning Students (200L): School Fees: 68500 | Statistics: 100L/DE (Freshers): School Fees: 68500 | Zoology: 100L/DE (Freshers): 163200, Returning Students (200L and above): 101200 | Other Faculties: College of Health Sciences and Faculty of Pharmacy: Freshers: 190200, Returning Students: 128200 | Faculties of Arts, Law, and Humanities: Freshers: 151200, Returning Students: 89200"
Postgraduate Programs tuition fee at the University of Ibadan,tuition fee; Postgraduate Programs tuition fee; Postgraduate tuition fee; University of Ibadan postgraduate fees; UI postgraduate fee structure; Graduate tuition fee UI; Postgraduate fee details UI; Tuition cost for postgraduate programs UI,"Acceptance Fee: 50000 | Tuition Fees: Freshers: Min: 75000, Max: 120000 | Returning Students: Min: 50000, Max: 100000 | Registration Fees: Min: 5000, Max: 10000"
Acceptance Fee at the University of Ibadan,acceptance fee,50000
Application Form fee at the University of Ibadan,application form; Application Form fee; Application Form cost; University of Ibadan Application fee; UI Application fee; Application fee details; Form fee University of Ibadan; UI form fee,"{'Academic Programs': 20000, 'Professional Programs': 25000}"
Re-Issuance of Lost Certificate fee at the University of Ibadan,Re-Issuance of Lost Certificate fee; Lost Certificate Reissuance cost; Certificate Replacement fee UI; University of Ibadan Re-Issuance fee; UI lost certificate fee; Reissue certificate fee University of Ibadan; Certificate lost reissuance fee UI; lost of certificate fee,25000
Verification of Results/Certificates/Transcripts at the University of Ibadan,Verification of Results/Certificates/Transcripts; Verification fees; University of Ibadan verification fee; Results verification fee; Transcript verification cost; Certificate verification fee; verification fees,"{'Institutions/Organizations': 5000, 'Individuals': 1000}"
Proficiency in English Language Letter at the University of Ibadan,Proficiency in English Language Letter; English Proficiency Letter fee; UI English Language Letter fee; University of Ibadan English Proficiency; English Language Letter cost; Proficiency in English fee; proficiency letter fee,1000
Letter of Attestation at the University of Ibadan,Letter of Attestation; Attestation letter UI; University of Ibadan attestation; UI Letter of Attestation; Attestation fee University of Ibadan; UI attestation letter cost; Letter of Attestation details,1000
Faculty of Agriculture Undergraduate Tuition Fees at the University of Ibadan,Undergraduate Tuition Fees; falculty of agriculture; Faculty of Agriculture Tuition; University of Ibadan Agriculture Fees; UI Undergraduate Agriculture Tuition; Agriculture Faculty Fees; Agriculture tuition costs; Undergraduate fees Faculty of Agriculture,"{'Agricultural Extension and Rural Development': {'100L/DE (Freshers)': 36800, '200L': 25250, '300L': 22150, '400L': 31150, '500L': 25650}, 'Forest Resources Management': {'100L/DE (Freshers)': 68500, 'Returning Students (300L/400L)': 78000}}"
Faculty of Arts Undergraduate Tuition Fees at the University of Ibadan,Faculty of Arts Undergraduate Tuition Fees; faculty of artUniversity of Ibadan Arts Tuition Fees; UI Arts Tuition; Faculty of Arts Fees UI; Undergraduate Arts Tuition UI; UI Faculty of Arts cost; Arts Tuition Fee Structure University of Ibadan,"{'General': {'100L/DE (Freshers)': 79000, 'Returning Students (200L, 300L)': 68500}, 'Archaeology and Anthropology': {'100L': 230000, 'Returning Students': 412000}, 'Linguistics and African Languages': {'Acceptance Fee': 21000, 'School Fees': 79000}}"
Faculty of Law Undergraduate Tuition Fees at the University of Ibadan,University of Ibadan Law Tuition Fees; UI Law Undergraduate Fees; faculty of lawFaculty of Law Tuition; Law School Fee Structure; UI Law Costs; Undergraduate Law Fees University of Ibadan,"{'100L/DE (Freshers)': 79000, 'Returning Students (200L)': 68500, 'Acceptance Fee': 21000}"
College of Medicine Undergraduate Tuition Fees at the University of Ibadan,College of Medicine; University of Ibadan Medicine Tuition Fees; College of Medicine Fees; UI Undergraduate Medicine Tuition; Medical School Fee Structure UI; College of Medicine Tuition UI; Undergraduate Medical Fees University of Ibadan,"{'Biochemistry and Physiology': {'100L (Freshers)': 300000, 'Returning Students': 260000, 'Acceptance Fee': 50000}}"
Faculty of Science Undergraduate Tuition Fees at the University of Ibadan,Faculty of Science Undergraduate Tuition Fees; University of Ibadan Science Tuition Fees; Faculty of Science Fees; Undergraduate Science Tuition; Science Department Fee Structure UI; Science Undergraduate Cost; Faculty of Science Fees University of Ibadan,"{'Anthropology': {'100L/DE (Freshers)': 163200, 'Returning Students (200L)': 101200}, 'Archaeology': {'100L/DE (Freshers)': 79000, 'Returning Students (200L)': 68500}, 'Botany': {'100L/DE (Freshers)': 79000, 'Returning Students (200L)': 68500, 'Acceptance Fee': 21000}, 'Chemistry': {'100L/DE (Freshers)': 325000}, 'Computer Science': {'100L/DE (Freshers)': {'School Fees': 79000, 'Acceptance Fee': 21000, 'Total': 100000}, 'Returning Students': {'School Fees': 68500}}, 'Geography': {'100L/DE (Freshers)': {'School Fees': 79000, 'Acceptance Fee': 21000, 'Total': 100000}, 'Returning Students (200L)': {'School Fees': 68500}}, 'Geology': {'100L/DE (Freshers)': {'School Fees': 79000, 'Acceptance Fee': 21000, 'Total': 89000}}, 'Mathematics': {'100L/DE (Freshers)': {'School Fees': 79000, 'Acceptance Fee': 21000, 'Total': 100000}, 'Returning Students (200L)': {'School Fees': 68500}}, 'Microbiology': {'100L/DE (Freshers)': {'School Fees': 525000, 'Acceptance Fee': 50000}}, 'Physics': {'100L/DE (Freshers)': {'School Fees': 79000, 'Acceptance Fee': 21000}, 'Returning Students (200L)': {'School Fees': 68500}}, 'Statistics': {'100L/DE (Freshers)': {'School Fees': 68500}}, 'Zoology': {'100L/DE (Freshers)': 163200, 'Returning Students (200L and above)': 101200}}"
Other Faculties Undergraduate Tuition Fees at the University of Ibadan,"College of Health Sciences and Faculty of Pharmacy fees; Other Faculties Fee Structure; Undergraduate Fees for Other Faculties UI; UI Tuition for Other Faculties; Other Faculties Cost University of Ibadanfaculties of arts, law, and humanities","{'College of Health Sciences and Faculty of Pharmacy': {'Freshers': 190200, 'Returning Students': 128200}, 'Faculties of Arts, Law, and Humanities': {'Freshers': 151200, 'Returning Students': 89200}}"
Acceptance Fee Postgraduate Programs at the University of Ibadan,Postgraduate Programs Acceptance Fee; UI Postgraduate Acceptance Fee; University of Ibadan Postgraduate Fee; Acceptance Fee; Postgraduate Admission Acceptance Fee; Acceptance Fee University of Ibadan; Postgraduate Admission Fee,50000
Tuition Fees for Postgraduate Programs at the University of Ibadan,Tuition Fees for Postgraduate Programs; Postgraduate Tuition Fees; University of Ibadan Postgraduate Tuition; UI Graduate Fees; Postgraduate Fee Structure UI; Graduate Tuition Costs UI; UI Postgraduate Program Fees; University of Ibadan Graduate Tuition,"{'Freshers': {'Min': 75000, 'Max': 120000}, 'Returning Students': {'Min': 50000, 'Max': 100000}}"
Registration Fees for postgraduate Programs at the University of Ibadan,Registration Fees for Postgraduate Programs; Postgraduate Registration Fees; University of Ibadan Registration Fees; UI Postgraduate Registration Fee; Graduate Registration Cost UI; Registration Fee University of Ibadan; UI Graduate Program Registration,"{'Min': 5000, 'Max': 10000}"
Undergraduate Tuition Fees at the University of Ibadan,Undergraduate Tuition Fees; University of Ibadan Tuition Fees; UI Undergraduate Fees; Undergraduate Fee Structure UI; UI Tuition Costs; Undergraduate Costs at UI; University Undergraduate Fees,"{'Freshers': {'Min': 34300, 'Max': 36800}, 'Returning Students': {'Min': 20000, 'Max': 32000}}"
Postgraduate Tuition Fees at the University of Ibadan,Postgraduate Tuition Fees; University of Ibadan Postgraduate Tuition; Graduate Tuition Fees; Postgraduate Fees; Graduate Program Tuition UI; Postgraduate Fee Structure UI; Tuition Costs for UI Postgraduates; University of Ibadan Graduate Fees,"{'Min': 75000, 'Max': 250000}"
Health Fee at the University of Ibadan,Health Fee at the University of Ibadan; University of Ibadan Health Fee; Health Fee; Health Charges; Student Health Fee; UI Health Cost; Health Fee Details,2500
ICT Fee at the University of Ibadan,ICT Fee at the University of Ibadan; University of Ibadan ICT Fee; ICT Fee; Information and Communication Technology Fee; ICT Charges; ICT Cost UI; ICT Fee Structure at UI,3000
Library Fee at the University of Ibadan,Library Fee at the University of Ibadan; University of Ibadan Library Fee; Library Fee; Library Charges UI; Library Cost University of Ibadan; Library Fee Structure; Fee for Library Services UI,5000
Sport Fee at the University of Ibadan,Sport Fee at the University of Ibadan; University of Ibadan Sport Fee; Sport Fee; Sports Fee; Sport Charges University of Ibadan; Sports Cost; Sport Fee Structure,2000
Faculty and Departmental Fees at the University of Ibadan,Faculty and Departmental Fees; University of Ibadan Faculty Fees; Departmental Fees; Faculty Fee Structure; Department Charges University of Ibadan; UI Faculty and Departmental Costs; University of Ibadan Department Fees,"{'Min': 5000, 'Max': 20000}"
Payment Guidelines Method at the University of Ibadan,Payment Guidelines Method at the University of Ibadan; Payment Guidelines; University of Ibadan Payment Method; Payment Procedures; Payment Process; University Payment Guidelines; Payment Methods,Fees must be paid through the UI student portal.
Payment Guidelines Deadlines at the University of Ibadan,Payment Guidelines Deadlines at the University of Ibadan; University of Ibadan Payment Deadlines; Payment Deadlines; Payment Deadline Policy; Fee Payment Deadlines; UI Payment Schedule; Deadline for Payment,"Payment deadlines are strictly enforced, with penalties for late payments."
Scholarship Opportunities Types at the University of Ibadan,Scholarship Opportunities; University of Ibadan Scholarships; Scholarship Types; Scholarship Categories; UI Scholarship Opportunities; Types of Scholarships at UI; Scholarship Options University of Ibadan,Merit-based scholarships | Need-based scholarships
Faculty of Agriculture and Forestry Materials at the University of Ibadan,Faculty of Agriculture and Forestry Materials; University of Ibadan Agriculture Materials; Agriculture and Forestry Resources; Agriculture and Forestry Materials; Educational Materials Faculty of Agriculture and Forestry; Agriculture Materials; Materials for Agriculture and Forestry,Textbooks | Lab manuals | Fieldwork materials
Faculty of Arts Estimated Cost at the University of Ibadan,Estimated CostFaculty of Arts Estimated Cost; University of Ibadan Arts Cost; Faculty of Arts Expense; Estimated Cost Faculty of Arts; Arts Estimated Cost; Cost of Faculty of Arts; University Arts Cost,"{'Min': 10000, 'Max': 30000}"
Faculty of Arts Materials at the University of Ibadan,Faculty of Arts Materials; University of Ibadan Arts Materials; Arts Educational Resources; Materials for Faculty of Arts; Arts Resources; University of Ibadan Arts Supplies; Faculty of Arts Study Materials,Textbooks | Literary works
Faculty of Law estimated Cost at the University of Ibadan,Faculty of Law estimated Cost; University of Ibadan Law cost; Faculty of Law Expense; Estimated cost for Faculty of Law at UI; Law estimated cost; Cost of Faculty of Law at University of Ibadan; Law Faculty Cost Estimate UI,"{'Min': 15000, 'Max': 40000}"
Faculty of Law materials at the University of Ibadan,Faculty of Law materials; University of Ibadan Law materials; Law educational resources; Law department study materials UI; Law textbooks and resources; Faculty of Law supplies; Law materials University of Ibadan,Law textbooks | Statutes | Casebooks
College of Medicine estimated Cost at the University of Ibadan,College of Medicine estimated Cost; University of Ibadan College of Medicine cost; College of Medicine Expense; Estimated Cost for College of Medicine at UI; Medical College Cost Estimate UI; College of Medicine Cost University of Ibadan; Medical College Estimated Cost,"{'Min': 30000, 'Max': 60000}"
College of Medicine materials at the University of Ibadan,College of Medicine materials; University of Ibadan College of Medicine resources; College of Medicine study materials; Medical College textbooks UI; UI medical materials; College of Medicine educational resources; Medical study materials at UI,Medical textbooks | Lab manuals | Clinical materials
Faculty of Science estimated Cost at the University of Ibadan,Faculty of Science estimated Cost; University of Ibadan Science cost; Faculty of Science expense; Estimated cost for Faculty of Science at UI; Science estimated cost; Cost of Faculty of Science at University of Ibadan; Science Faculty Cost Estimate,"{'Min': 20000, 'Max': 50000}"
Faculty of Science materials at the University of Ibadan,Faculty of Science materials; University of Ibadan Science materials; Science educational resources; Science study materials; Science resources; Science department materials; Educational supplies for Faculty of Science,Textbooks | Lab manuals | Equipment for practicals
Faculty of Social Sciences estimated Cost at the University of Ibadan,Faculty of Social Sciences estimated Cost; University of Ibadan Social Sciences cost; Faculty of Social Sciences expense; Estimated cost for Faculty of Social Sciences; Social Sciences estimated cost; Cost of Faculty of Social Sciences at University of Ibadan; Social Sciences Faculty Cost Estimate,"{'Min': 10000, 'Max': 30000}"
Faculty of Social Sciences materials at the University of Ibadan,Faculty of Social Sciences materials; University of Ibadan Social Sciences resources; Social Sciences study materials; Social Sciences educational materials UI; Social Sciences supplies; Academic resources for Social Sciences; Social Sciences materials,Textbooks | Research materials
Faculty of Technology estimated Cost at the University of Ibadan,Faculty of Technology estimated Cost; University of Ibadan Technology cost; Faculty of Technology expense; Estimated cost for Faculty of Technology; Technology estimated cost; Cost of Faculty of Technology at University of Ibadan; Technology Faculty Cost Estimate,"{'Min': 25000, 'Max': 55000}"
Faculty of Technology materials at the University of Ibadan,Faculty of Technology materials; University of Ibadan Technology materials; Technology study materials; Technology educational resources; Faculty of Technology resources; Tech department materials; Technology supplies,Textbooks | Project materials | Technical manuals
Overview of student life and campus facilities at the University of Ibadan,Overview of student life; Campus facilities at University of Ibadan; student experience; University of Ibadan campus amenities; campus life; Student life and facilities; student life; University of Ibadan student services,"{'Academic Experience': ['Students find the academic environment challenging but rewarding.', 'Law students have mixed feelings about virtual classes due to network issues but remain optimistic about physical classes.', 'Students like Odiachi Anna have overcome academic struggles by forming study groups and seeking mentorship from seniors.'], 'Social Activities': ['The university supports student-directed clubs and societies.', 'Events at Heritage Park are popular and showcase vibrant campus life.'], 'Student Organizations': ['Numerous organizations and publications foster community and provide educational experiences beyond the classroom.', ""The University of Ibadan Students' Union (UISU) advocates for students' rights and extracurricular activities."", 'The Wikimedia Fan Club promotes contributions to Wikimedia projects.', 'Google Developer Student Clubs (GDSC) provides opportunities to learn about technology and collaborate on projects.'], 'Cultural Activities': ['The Arts Theatre hosts plays, cultural performances, and student creativity.', 'Popular spots like Love Garden and Heritage Park serve as hubs for relaxation and social interaction.'], 'Sports Competitions': ['Inter-hall and inter-faculty sports competitions are held, including soccer and athletics.'], 'Volunteerism': ['Students engage in community outreach programs and campus-based volunteer activities.'], 'Academic Clubs': ['Literary societies, debate teams, and faculty-specific organizations enhance learning.'], 'Student Publications': ['Platforms like the Student Union magazine allow students to express their views and showcase their writing skills.'], 'Inclusivity': ['UI fosters an inclusive environment where students from diverse backgrounds thrive without discrimination.']}"
Campus Facilities at the University of Ibadan,Campus Facilities at the University of Ibadan; University of Ibadan campus facilities; campus amenities; UI facilities; ui clubs; uni ibadan clubs; university of ibadan clubs; Campus services; University of Ibadan facilities; campus infrastructure,"{'Accommodation': ['Halls of residence are available for students, such as Idia Hall (female), Awo Hall (male), and Queens Hall (female).', 'Well-furnished guest houses are provided for international visitors and scholars.'], 'Kenneth Dike Library': ['A central library offering extensive academic resources across all faculties.'], 'Sports Council': ['Facilities include athletics tracks, basketball courts, swimming pools, tennis courts, and squash courts.', 'UI participates in NUGA competitions at national and international levels.'], 'Zoological & Botanical Gardens': ['The Zoological Garden serves as a recreational and educational facility.', 'The Botanical Garden provides a serene environment for study and relaxation while showcasing rare plant species.'], 'ICT Support': ['ICT support is available for teaching, research, and publications.'], 'Arts Theatre': ['Hosts cultural events and performances by students and professionals.'], 'Awba Dam': ['A scenic spot for relaxation and quiet study.'], 'Health Services': ['A well-equipped health center provides medical services to students at affordable rates.'], 'Cafeterias & Restaurants': ['Multiple eateries across campus offer affordable meals catering to diverse tastes.'], 'Bookshops': ['On-campus bookshops provide academic materials at subsidized rates.'], 'Lecture Halls & Auditoriums': ['Modern lecture halls equipped with audio-visual aids ensure effective learning experiences.'], 'Wi-Fi Connectivity': ['Wi-Fi is available in key areas like the library and halls of residence.'], 'Transportation System': ['Shuttle buses operate within the campus for easy movement.'], 'Banking Facilities': ['Several banks have branches or ATMs on campus for financial transactions.'], 'Student Union Building (SUB)': ['A hub for student activities, meetings, events, and relaxation.'], 'Heritage Park': ['A recreational area where various student events are held.'], 'Aquarium Facility': ['Enhances biodiversity education on campus.'], 'Research Centers & Laboratories': ['Equipped with state-of-the-art facilities for research across various disciplines.'], 'Literary & Debate Society': ['Part of the registered clubs under the Sports Council that fosters intellectual engagement through debates.']}"
Academic & Professional Clubs University of Ibadan,Academic and Professional Clubs University of Ibadan; University of Ibadan academic clubs; professional clubs; student clubs; Academic clubs; Professional organizations; University of Ibadan clubs; ui clubs; uni ibadan clubs; university of ibadan clubs,"University of Ibadan Literary and Debating Society (UILDS): Focuses on literature, writing, and debate. Organizes literary readings, writing workshops, and debates. | Student Finance Club: Prepares members for success in professional finance through workshops and networking opportunities. | Association of Civil Engineering Students: A professional organization for civil engineering students. | International Association of Agricultural Students: A professional organization for agricultural students. | International Veterinary Student Association: A professional organization for veterinary students. | Federation of African Medical Students Association: A professional organization for medical students. | Society for Aeronautics & Astronautics: A professional organization for aeronautics and astronautics students. | Society of Electrical/Electronics Engineering Students: A professional organization for electrical and electronics engineering students."
Technology & Innovation Clubs at the University of Ibadan,ui clubs; Technology and Innovation Clubs at the University of Ibadan; Technology Clubs; Innovation Clubs; University of Ibadan tech clubs; Technology and innovation organizations UI; tech and innovation clubs; Innovation clubs at University of Ibadan; ui clubs; uni ibadan clubs; university of ibadan clubs,"Google Developer Groups on Campus (GDGoC): Focuses on Google developer technologies, providing a platform for students to learn and network. | AIESEC: Offers leadership development, cross-cultural internships, and volunteer exchange experiences. | Wikimedia Fan Club University of Ibadan: Promotes Wikimedia projects among students through events like edit-a-thons and Wikipedia Education programs."
Cultural & Social Clubs at the University of Ibadan,Cultural and Social Clubs at the University of Ibadan; Cultural Clubs; Social Clubs; University of Ibadan cultural organizations; University of Ibadan social clubs; Cultural clubs; Social clubs; ui clubs; uni ibadan clubs; university of ibadan clubs,"Sigma Club: The oldest students' organization in Sub-Saharan Africa, known for its social and philanthropic activities. | Folk Heritage: Promotes cultural heritage and traditional practices. | Esan Students Association of Nigeria: A cultural organization for Esan students. | Federation of Ijesa Students Union: A cultural organization for Ijesa students. | National Association of Abia State Students: A cultural organization for Abia State students. | Igbo College Old Boys Association (ICOB): A forum for alumni of Igbo College. | King’s College Old Boys Association: A forum for alumni of King’s College. | Loyola College Old Boys’ Association: A forum for alumni of Loyola College. | Remo Secondary School Old Students Association: A forum for alumni of Remo Secondary School."
Community Service & Advocacy at the University of Ibadan,Community Service and Advocacy at the University of Ibadan; community service; University of Ibadan advocacy; Community outreach; student advocacy; Advocacy programs; University community initiatives,"Rotaract Club of University of Ibadan: A service-oriented organization focused on community service, professional development, and fostering goodwill. | Junior Chamber International (JCI) UI: Empowers young people to create positive change through leadership development and community service. | Child’s Rights Awareness Campaign Organization: Advocates for children's rights and awareness. | Coalition for Public Accountability & Development: Focuses on promoting public accountability and development. | Students Alliance for Peace: Promotes peace and conflict resolution among students. | Students Peace Vanguard: Focuses on promoting peace and harmony on campus. | HIV/AIDS Prevention Promotion Youth Club (HAPPY CLUB): Raises awareness about HIV/AIDS prevention. | Campus Drug Free Club: Promotes a drug-free lifestyle among students."
Religious Organizations at the University of Ibadan,Religious Organizations at the University of Ibadan; Religious Organizations; University of Ibadan religious groups; faith-based organizations; Religious clubs; Spiritual organizations; University religious bodies,Adventist Student Fellowship: A religious organization for Adventist students. | Ahmadi Muslim Students Association: A religious organization for Ahmadi Muslim students. | Anglican Students’ Fellowship (ASF): A religious organization for Anglican students. | Believers Forum UI: A religious organization for Christian students. | Celestial Church of Christ Student Fellowship: A religious organization for Celestial Church members. | Christian Law Students Association: A religious organization for Christian law students. | Christian League International: A religious organization promoting Christian values. | Foursquare Students Fellowship: A religious organization for Foursquare Gospel Church students. | Gospel Students’ Fellowship: A religious organization for Christian students. | Holiness Campus Fellowship: A religious organization promoting holiness and spiritual growth. | Holy Ghost Incorporated: A religious organization for Holy Ghost members. | Muslim Students Society of Nigeria UI: A religious organization for Muslim students. | Salvation & Praise Assembly: A religious organization promoting worship and praise. | Scripture Union Campus Fellowship: A religious organization for Christian students. | Student Christian Movement of Nigeria: A religious organization for Christian students.
Sports & Fitness Clubs at the University of Ibadan,Sports and Fitness Clubs at the University of Ibadan; Sports Clubs; University of Ibadan Fitness Clubs; Athletic Clubs; Sports Organizations; Fitness and Sports; University of Ibadan sports and fitness; ui clubs; uni ibadan clubs; university of ibadan clubs,Sports Africonados: Promotes sports and physical fitness.
Environmental & Sustainability Clubs,Environmental & Sustainability Clubs; Environmental Clubs; Sustainability Clubs; Eco Clubs; Green Clubs; University Environmental Organizations; Sustainability Organizations; UI Environmental Clubsui clubs; uni ibadan clubs; university of ibadan clubs,Club Environmentalist: Promotes environmental awareness and sustainability. | Environmental Health Student Association: Promotes environmental health awareness and practices. | Green Foundation: Promotes environmental sustainability and conservation. | Forest Resources Management Students’ Association (TREE CLUB): Focuses on forestry and environmental conservation.
Entertainment & Networking at the University of Ibadan,Entertainment and Networking; ui Entertainment; uni ibadan Entertainment; University of Ibadan Entertainment; UI Networking; uni ibadan networking; Networking Events; Entertainment Clubs; Social Networking,Crystal Entertainment: Organizes entertainment events and activities. | S-Cube Entertainment: Organizes entertainment events and activities. | Kegites Club: A social club promoting camaraderie and entertainment. | KLOBB 41: A social club promoting entertainment and networking. | Mess Club: A social club promoting entertainment and relaxation.
Security Division at University of Ibadan,Security Division at University of Ibadan; Security Division; University of Ibadan Security; Campus Security; Security Services; University Security Division; Campus Safety,"The University of Ibadan has a dedicated Security Division located between Queen Elizabeth Hall and the Bursary Department. | This division enforces university regulations and protects lives and properties on campus. | Security personnel wear distinctive uniforms: gold shirts, indigo blue trousers, and blue/black berets with the university emblem."
Emergency Response at the University of Ibadan,Emergency Response at University of Ibadan; Emergency Response; University of Ibadan emergency services; Campus emergency response; emergency procedures; University of Ibadan safety protocols; crisis management,"In case of emergencies such as fires, accidents, or crimes, incidents are reported to the Security Division. | The Security Division either handles the incident directly or escalates it to the police for further investigation. | Fire extinguishers are installed in departments and halls of residence as a precautionary measure."
Mobile Phone Links at the University of Ibadan,Mobile Phone Links at University of Ibadan; Mobile Phone Links; University of Ibadan Phone Contacts; Mobile Contact Numbers; Emergency Phone Links; Campus Phone Links; University of Ibadan Mobile Contacts,"The Security Division provides mobile phone numbers for emergency contact, ensuring a quick response to security breaches."
Armed Police Patrols at the University of Ibadan,Armed Police Patrols at University of Ibadan; Armed Police Patrols; University of Ibadan Police Patrols; Campus Police Patrols; Armed Security Patrols; University Armed Patrols; Armed Security,The university collaborates with armed police for patrolling the campus. | Random security checks and surveillance are conducted to enhance security.
Security Breaches and Measures at the University of Ibadan,Security Breaches and Measures at University of Ibadan; Security Breaches; University of Ibadan Security Measures; Campus Security Incidents; Security Protocols; Security Measures; University of Ibadan Incident Management,"Despite security efforts, incidents like thefts and unauthorized access have been reported. | Security measures include screening visitors at female halls and restricting male visitors."
Challenges and Criticisms at the University of Ibadan,Challenges and Criticisms at University of Ibadan; UI Challenges; uni ibadan challenges; university of ibadan challengesUniversity of Ibadan Criticisms; UI Issues; uni ibadan issues; university of ibadan issuesCampus Challenges; Criticisms of University of Ibadan; UI Problems,"Concerns exist regarding the effectiveness of the security system. | Reports of security personnel being untrustworthy or inefficient have led to calls for reforms. | Campus journalists have accused security personnel of misconduct, including assault and confiscation of personal items."
Recent Incidents and Reforms at the University of Ibadan,Recent Incidents and Reforms at University of Ibadan; Recent Incidents; University of Ibadan Reforms; Campus Incidents and Reforms; Incident Reforms; University Reforms; Recent UI Security Reforms,"Security personnel have been implicated in recent incidents, raising concerns about accountability. | Students and journalists have called for disciplinary action and better training for security operatives."
Recommendations for Improvement at the University of Ibadan,Recommendations for Improvement at University of Ibadan; Improvement Recommendations; University of Ibadan Improvement Suggestions; Improvement Measures; Campus Improvement; University Enhancement Recommendations; UI Recommendations,Regular training and monitoring of security personnel to improve effectiveness. | Enhancing intelligence gathering to detect and prevent potential threats. | Strengthening community engagement to build trust and encourage student participation in security measures. | Integrating technology such as mobile safety apps for faster emergency response and anonymous incident reporting.
Accreditation Status of Courses at University of Ibadan,Accreditation Status of Courses at University of Ibadan; Course Accreditation; University of Ibadan accreditation status; Accredited Courses; UI Accreditation; Uni Ibadan Accreditation; University of Ibadan Accreditation; University Course Accreditation; Accreditation Details University of Ibadan,"{'Faculty of Agriculture and Forestry': {'Agriculture': 'Full accreditation', 'Fisheries and Aquaculture': 'Interim accreditation', 'Forestry and Wildlife Management': 'Interim accreditation'}, 'Faculty of Arts': {'Arabic': 'Full accreditation', 'Communication and Language Arts': 'Full accreditation', 'History': 'Full accreditation', 'Philosophy': 'Full accreditation', 'Religious Studies': 'Full accreditation'}, 'Faculty of Education': {'Adult Education': 'Full accreditation', 'Educational Management': 'Full accreditation', 'Guidance and Counselling': 'Full accreditation', 'Library and Information Science': 'Full accreditation'}, 'College of Medicine': {'Anatomy': 'Full accreditation', 'Biochemistry': 'Full accreditation', 'Community Medicine': 'Full accreditation', 'Medicine and Surgery': 'Full accreditation', 'Veterinary Medicine': 'Full accreditation'}, 'Faculty of Pharmacy': {'Pharmacy': 'Full accreditation'}, 'Faculty of Science': {'Biochemistry': 'Full accreditation', 'Botany': 'Full accreditation', 'Chemistry': 'Full accreditation', 'Computer Science': 'Full accreditation', 'Geology': 'Full accreditation', 'Mathematics': 'Full accreditation', 'Microbiology': 'Full accreditation', 'Physics': 'Full accreditation', 'Statistics': 'Full accreditation', 'Zoology': 'Full accreditation'}, 'Faculty of Social Sciences': {'Economics': 'Full accreditation', 'Geography': 'Full accreditation', 'Mass Communication': 'Full accreditation', 'Political Science': 'Full accreditation', 'Psychology': 'Full accreditation', 'Sociology': 'Full accreditation'}, 'Faculty of Law': {'Law': 'Full accreditation'}, 'Faculty of Technology': {'Agricultural and Environmental Engineering': 'Full accreditation', 'Civil Engineering': 'Full accreditation', 'Electrical and Electronics Engineering': 'Full accreditation', 'Food Technology': 'Full accreditation', 'Industrial and Production Engineering': 'Full accreditation', 'Mechanical Engineering': 'Full accreditation', 'Petroleum Engineering': 'Full accreditation'}, 'Faculty of Environmental Design and Management': {'Architecture': 'Full accreditation', 'Estate Management': 'Full accreditation', 'Urban and Regional Planning': 'Full accreditation'}, 'Distance Learning Centre': {'B.A. History': 'Accredited', 'B.Sc. Sociology': 'Accredited', 'B.Sc. Computer Science': 'Accredited', 'B.Ed. Adult Education': 'Accredited', 'B.Ed. Guidance and Counselling': 'Accredited', 'B.Ed. Educational Management': 'Accredited', 'BLIS. Bachelor of Library and Information Science': 'Accredited', 'B.A Communication and Language Arts': 'Accredited', 'B.Sc. Statistics': 'Accredited'}}"
List of Cafeterias and Food Places at the University of Ibadan,List of Cafeterias and Food Places at the University of Ibadan; UI Cafeterias; Uni Ibadan Cafeterias; Univesity of Ibadan Cafeterias; University of Ibadan Food Places; Dining Options; Cafeteria List; List of cafeteria; cafeteria; Food Outlets; University of Ibadan Eateries,"{'category': 'Hostel Cafeterias', 'cafeterias': [{'name': ""Tedder Hall's 'Klazz' Cafeteria"", 'details': 'One of the best among hostels, popular among students.', 'price_range': 'Affordable, but not specified.'}, {'name': ""Bello Hall GSK's Cafeteria"", 'details': ""Famous for its 'Amala and Gbegiri with Ewedu'."", 'price_range': 'Reasonable, but not detailed.'}, {'name': 'Mellamby, Kuti, and Indy Hall Cafeterias', 'details': 'Less popular but still provide basic meals.', 'price_range': 'Generally low, but specific figures not available.'}, {'name': 'Zik Hall Cafeterias', 'details': 'Boluid serves better swallow portions, New Flava offers better rice and spaghetti.', 'price_range': 'Varies, but generally affordable.'}]} | {'category': 'General Cafeterias', 'cafeterias': [{'name': 'Archive Cafeteria', 'details': 'Located behind the Chapel of Resurrection, known for its satisfying meals.', 'price_range': 'Reasonable, but not specified.'}, {'name': 'Animal Science Basement', 'details': 'Popular for beans and bread snack.', 'price_range': 'Typically low, often less than ₦500.'}, {'name': 'Crop Protection and Environmental Biology Canteen', 'details': 'New and well-received for its meals.', 'price_range': 'Affordable, but not detailed.'}, {'name': 'Abdulsalam Postgraduate Hall Canteen', 'details': 'Known for its evening bread and akara.', 'price_range': 'Often less than ₦500.'}, {'name': 'Obafemi Awolowo Hall Cafeteria', 'details': 'Offers healthy meals with dining options.', 'price_range': 'Reasonable, but not specified.'}, {'name': 'Students Union Building (SUB) Eateries', 'details': 'Several eateries offering a variety of meals.', 'price_range': 'Varies, but generally affordable.'}]} | {'category': 'Specialty and Grilled Food Spots', 'cafeterias': [{'name': 'Matti Grills', 'details': 'Offers grilled meals.', 'price_range': 'Reasonable, but not detailed.'}, {'name': ""Neche's Kitchen"", 'details': 'Provides a variety of meals for students.', 'price_range': 'Affordable, but not specified.'}, {'name': 'Flamez Kitchen and Grills', 'details': 'Offers grilled and other meals.', 'price_range': 'Reasonable, but not detailed.'}, {'name': 'Bisola Pepper Soup - UI', 'details': 'Specializes in pepper soup and local dishes.', 'price_range': 'Typically low, but not specified.'}, {'name': 'Bisola Food Place - UI', 'details': 'Offers a range of traditional Nigerian meals.', 'price_range': 'Generally affordable.'}, {'name': 'EWA AGOYIN by BISOLA', 'details': 'Known for its Ewa Agoyin breakfast dish.', 'price_range': 'Typically low, often less than ₦500.'}, {'name': 'B & B', 'details': 'Offers breakfast and other meals.', 'price_range': 'Reasonable, but not specified.'}]} | {'general_price_ranges': {'basic_meals': 'A few hundred to a few thousand naira per meal.', 'snacks': 'Beans and bread, akara, etc., often less than ₦500.', 'swallow_meals': 'Prices vary due to inflation (e.g., a wrap of fufu might cost around ₦200).'}}"
"What is the breakdown of the cost of private off-campus accommodations in Ibadan, Nigeria?",Breakdown of private off campus accommodations cost; Ibadan private housing cost breakdown; Cost of off campus accommodations; Private housing cost analysis Nigeria; Ibadan accommodation cost breakdown; Off campus housing prices; private accommodation cost details; private accommodation; off hostel cost; off campus cost; off campus accommodation; off hostel accommodation,"{'accommodation_types': {'apartments': {'2-bedroom': '₦400,000 - ₦700,000 per annum', '3-bedroom': '₦600,000 - ₦1,500,000 per annum'}, 'bungalows_and_duplexes': {'3-bedroom_bungalow': '₦650,000 - ₦2,500,000 per annum', '3-bedroom_duplex': '₦700,000 - ₦2,000,000 per annum', '4-bedroom_duplex': '₦3,000,000 - ₦5,000,000 per annum'}, 'mini_flats_and_bedsitters': {'price_range': 'Generally lower, details unavailable'}}, 'factors_influencing_prices': {'location': {'premium_areas': ['Jericho GRA', 'Agodi GRA', 'Oluyole Estate'], 'affordable_areas': ['Moniya', 'Ologuneru']}, 'amenities': ['POP ceilings', 'Kitchen cabinets', 'Security guards'], 'condition_of_property': 'Newly built or well-maintained properties cost more'}, 'additional_costs': {'agency_fees': 'Typically 10% of annual rent', 'caution_fees': '₦50,000 - ₦200,000 depending on property', 'utilities': 'Electricity, water, and internet services are paid separately'}}"
What are the accommodation costs and living expenses at the University of Ibadan?,Accommodation costs and living expenses at University of Ibadan; accommodation fees; University of Ibadan living expenses; housing and living costs; Cost of living; Accommodation and living cost; accommodation cost; University of Ibadan accommodation expenses,"{'accommodation_costs': {'undergraduate_hostel_fees': {'fresh_students': '₦60,000', 'returning_students': {'general': '₦45,000', 'ABH_occupants': '₦60,000'}}, 'postgraduate_hostel_fees': {'abdulsalami_abubakar_hall': {'one_man_room': '₦175,000', 'two_man_room': '₦87,500', 'three_man_room': '₦62,500'}, 'obafemi_awolowo_hall': {'one_man_room': '₦120,000', 'two_man_room': '₦80,000'}, 'adetowun_ogunsheye_postgraduate_hall': {'one_man_room': '₦150,000', 'two_man_room': '₦100,000'}, 'ayodele_falase_hall': {'one_man_room': '₦75,000 per semester', 'two_man_room': '₦50,000 per semester'}}}, 'living_costs': {'food': {'cafeteria_meals': '₦500 - ₦2,000 per meal', 'groceries': '₦30,000 - ₦50,000 per month'}, 'transportation': {'public_transport': '₦100 - ₦300 per trip', 'fuel': '₦600 per liter (subject to change)'}, 'utilities': {'electricity_and_water': '₦5,000 - ₦15,000 per month', 'internet_services': '₦10,000 - ₦20,000 per month'}, 'other_expenses': {'mobile_phone_recharge': '₦3,000 - ₦10,000 per month', 'entertainment_and_leisure': '₦5,000 - ₦15,000 per outing'}}, 'general_expenses': {'basic_meals': '₦500 - ₦2,000', 'snacks': 'Less than ₦500', 'transportation_off_campus': 'Varies significantly based on distance and mode', 'acceptance_fee': '₦50,000'}}"
libraries at the University of Ibadan,libraries at the University of Ibadan; University of Ibadan libraries; libraries; Campus libraries UI; Library facilities at UI; library services; List of libraries University of Ibadan,"{'name': 'Latunde Odeku Medical Library', 'location': 'College of Medicine, about 8 kilometers from the main campus.', 'details': 'Serves the medical community with specialized resources.'} | {'name': 'School of Business Library', 'location': 'Ajibode extension of the university campus.', 'details': 'Primarily serves postgraduate students.'} | Agriculture/Renewable Natural Resources Library | Faculty of Arts Library | Faculty of Clinical Sciences Library | Faculty of Education Library | Faculty of Law Library | Faculty of Pharmacy Library | Faculty of Public Health Library | Faculty of Science Library | Faculty of Technology Library | Faculty of The Social Sciences Library | Faculty of Veterinary Medicine Library | Africa Regional Centre for Information Science (ARCIS) Library | Institute of African Studies Library | Institute of Education Library | Institute of Peace and Strategic Studies (IPSS) Library | WORDOC Library"
accommodation types or apartments at the University of Ibadan,accommodation types or apartments at the University of Ibadan; accommodation types; University of Ibadan apartments; UI apartments; University housing options; Off campus apartments; accommodation options; Private apartments,"{'2-bedroom': '₦400,000 - ₦700,000 per annum', '3-bedroom': '₦600,000 - ₦1,500,000 per annum'} | 3-bedroom_bungalow: ₦650,000 - ₦2,500,000 per annum | 3-bedroom_duplex: ₦700,000 - ₦2,000,000 per annum | 4-bedroom_duplex ₦3,000,000 - ₦5,000,000 per annum"
factors influencing prices location at the University of Ibadan,factors influencing prices location; University of Ibadan location factors; pricing factors by location; Location impact on prices; Price factors based on location UI; cost variation by location; Location based pricing University of Ibadan,"{'premium_areas': ['Jericho GRA', 'Agodi GRA', 'Oluyole Estate'], 'affordable_areas': ['Moniya', 'Ologuneru']}"
factors influencing prices amenities at the University of Ibadan,factors influencing prices amenities; amenities impact on prices UI; University of Ibadan amenities cost factors; amenities pricing influence; amenities factors University of Ibadan; cost influenced by amenities; amenities pricing,POP ceilings | Kitchen cabinets | Security guards
factors influencing prices condition of property at the University of Ibadan,factors influencing prices condition of property; University of Ibadan property condition; property condition cost impact; property condition price influence; cost factors based on property condition; condition of property pricing; agency feeUniversity of Ibadan pricing property condition,"Newly built or well-maintained properties cost more | Agency fee Typically 10% of annual rent | Additional cost ₦50,000 - ₦200,000 depending on propertyElectricity, water, and internet services are paid separately"
accommodation costs for undergraduate hostel fees at the University of Ibadan,accommodation costs for undergraduate hostel fees at University of Ibadan; undergraduate hostel fees; hostel accommodation costs; hostel fees; Undergraduate accommodation cost; Hostel fees University of Ibadan; student hostel fees,"{'fresh_students': '₦60,000', 'returning_students': {'general': '₦45,000', 'ABH_occupants': '₦60,000'}}"
accommodation costs for postgraduate hostel fees at the University of Ibadan,accommodation costs for postgraduate hostel fees at University of Ibadan; postgraduate hostel fees; postgraduate accommodation costs; postgraduate hostel fees; hostel costs for postgraduates; postgraduate accommodation fees; University of Ibadan postgraduate hostel pricing,"{'abdulsalami_abubakar_hall': {'one_man_room': '₦175,000', 'two_man_room': '₦87,500', 'three_man_room': '₦62,500'}, 'obafemi_awolowo_hall': {'one_man_room': '₦120,000', 'two_man_room': '₦80,000'}, 'adetowun_ogunsheye_postgraduate_hall': {'one_man_room': '₦150,000', 'two_man_room': '₦100,000'}, 'ayodele_falase_hall': {'one_man_room': '₦75,000 per semester', 'two_man_room': '₦50,000 per semester'}}"
living costs at the University of Ibadan,living costs at the University of Ibadan; living expenses; cost of living; living costs; UI expenses; University living expenses; Living expenses University of Ibadan,"cafeteria_meals: ₦500 - ₦2,000 per meal | groceries: ₦30,000 - ₦50,000 per month | public_transport: ₦100 - ₦300 per trip | fuel ₦600 per liter (subject to change) | electricity_and_water: ₦5,000 - ₦15,000 per month | internet_services: ₦10,000 - ₦20,000 per month | mobile_phone_recharge: ₦3,000 - ₦10,000 per month | entertainment_and_leisure: ₦5,000 - ₦15,000 per outing"
General expenses at the University of Ibadan,General expenses,"Snacks: Less than ₦500 | Transportation: Varies significantly based on distance and mode | Basic meals: ₦500 - ₦2,000 | Acceptance fee: ₦50,000"
Kenneth mellanby hall at the University of Ibadan,Kenneth Mellanby Hall; University of Ibadan student accommodation; Male hostel; Campus residences; Hostel facilities; Kenneth Mellanby,"{'location': 'North of the University Court', 'capacity': 550, 'features': 'One of the oldest hostels, named after the first Principal of the University College, Ibadan.'}"
Kuti hall at the University of Ibadan,Kuti Hall; kutihall,"{'location': 'Eastern end of Niger Road', 'capacity': 554, 'features': 'Named after the Late Rev. Israel Oladotun Ransome-Kuti.'}"
Sultan bello hall at the University of Ibadan,Sultan Bello Hall; sultan bello,"{'location': 'West of Kuti Hall along Niger Road', 'capacity': 468, 'features': 'Named after the grandfather of the Late Sir Alhaji Ahmadu Bello.'}"
Obafemi awolowo hall at the University of Ibadan,Obafemi Awolowo Hall; obafemi awolowo,"{'location': 'Off Barth Road', 'capacity': 1500, 'features': 'The largest female hall in West Africa, also accommodates postgraduate students.'}"
Lord tedder hall at the University of Ibadan,Lord Tedder Hall; lord tedder,"{'location': 'Not specified', 'features': 'Known for its vibrant student life.'}"
Nnamdi azikiwe hall at the University of Ibadan,Nnamdi Azikiwe Hall; nnamdi azikiwe,"{'location': 'Not specified', 'features': ""Named after Nigeria's first president.""}"
Independence hall at the University of Ibadan,Independence Hall; independencehall,"{'location': 'Not specified', 'features': ""Celebrates Nigeria's independence.""}"
Queen idia hall at the University of Ibadan,Queen Idia Hall; queen idia,"{'location': 'Not specified', 'features': 'Named after a historical figure from Benin.'}"
Queen elizabeth hall at the University of Ibadan,Queen Elizabeth Hall; queen elizabeth,"{'location': 'Not specified', 'features': 'Named after the British monarch.'}"
Tafawa balewa hall at the University of Ibadan,tafawa balewa hall; Tafawa Balewa Hall,"{'location': 'Along El-Kanemi Road, behind Sultan Bello Hall', 'capacity': 207, 'features': ""Named in commemoration of Nigeria's independence.""}"
Abdulsalami abubakar hall at the University of Ibadan,Abdulsalami Abubakar Hall; abdulsalami abubakar,"{'location': 'Along Barth Road, opposite Idia Hall', 'capacity': 684, 'features': 'Offers accommodation for postgraduate students.'}"
Shared facilities at the University of Ibadan,Shared restrooms; shared rooms; Basic amenities; solar power,Most hostels have shared toilets and bathrooms. | Rooms often accommodate multiple students. | Access to university facilities like libraries and sports centers. | Some hostels may have solar-powered lighting and charging points for phones and laptops.
Transportation options at the University of Ibadan,transportation options; tricycles; student commuting; On campus mobility; Taxis; Public transport; walking ui,"Tricycles is the primary mode of transportation on campus, replacing motorcycles for safety reasons. | Taxis are available for longer distances or charter services. | Walking is preferred by many students due to the campus's layout and proximity of facilities."
transportation costs at the University of Ibadan,tricycle fares; transport expensestransportation costs,"{'Tricycle: standard_routes': '₦150 - ₦250, depending on the destination.', 'charter_services': 'Prices vary based on distance and negotiation.', 'group_rides': 'Higher fares for more than two passengers, often around ₦400 for a group.'} | Taxis are generally more expensive than tricycle fares, but specific rates are not detailed."
safety and regulations motorcycle replacement at the University of Ibadan,safety and regulations; motorcycle replacement; Bike and motorcycle ban; Traffic rules,Motorcycles have been replaced with tricycles for safety reasons. | Implemented to reduce accidents and criminal activities on campus.
food costs and groceries at the University of Ibadan,cafeteria meals; food costs; groceries cost,"₦500 - ₦2,000 per meal. | ₦30,000 - ₦50,000 per month for a single person. | Snacks: Generally affordable, often less than ₦500 (e.g., beans and bread, akara)."
internet costs at the University of Ibadan,mobile data; internet costs,"Mobile data: ₦3,000 - ₦10,000 per month for reliable data plans. | Broadband Internet: ₦10,000 - ₦20,000 per month for shared accommodations."
utilities bills at the University of Ibadan,utilities bills; electricity and water bills; solar bills; mobile phone recharge,"Electric and water bills: ₦5,000 - ₦15,000 per month for average usage. | Solar bills: Some hostels have solar-powered lighting and charging points for phones and laptops. | Mobile phone recharge: ₦3,000 - ₦10,000 per month."
Recent fee increases and new intakes at the University of Ibadan,recent fee increases; new intakes,"Recently increased fees range from ₦203,000 to ₦412,000, depending on the course."
administrative services at the University of Ibadan,administrative data processing unit; administrative services,"{'Data processing Unit': 'Issuance and processing of student forms, matriculation oaths, and bio-data forms.', 'contact': ""Available through the university's official website.""}"
Certificate room section at the University of Ibadan,certificate room section; administrative services; Graduation documents; Student certification,"{'Certificate room section': 'Custody and issuance of university certificates, printing of blank certificates, and calligraphic scripting.', 'contact': 'Part of the Examinations Unit.'}"
Central store at the University of Ibadan,central store; administrative services; University of Ibadan inventory management; Procurement services,"{'Central Store': 'Production and maintenance of academic outfits, custody of examination materials.', 'contact': ""Available through the university's official website.""}"
Bursary unit at the University of Ibadan,bursary unit; bursary; administrative services; Tuition and billing; Student fees payment; Grants and funding; Financial records,"{'Bursary': 'Financial management and services.', 'contact': 'Bursary Unit, University of Ibadan.'}"
Health support services at the University of Ibadan,university health services; support services; Health Support services,"{'Health Support services': 'General outpatient clinic, specialized medical services.', 'contact': ""Available through the university's official website.""}"
ICT support services at the University of Ibadan,ict support; support services; ict support service; Technical assistance; E-learning support,"{'ICT support services': 'IT infrastructure management and support.', 'contact': ""Part of the university's administrative centers.""}"
Contact details at the University of Ibadan,contact details; Official email; Student support email; University services email; UI helpdesk; general enquiries; University of Ibadan website; Official UI website; Support channels,"{'main_contact': '+234 809 810 3043', 'registry_unit': '+234 02-8103043', 'general_enquiries': ""Use the contact form on the university's website."", 'information_technology_unit': 'support@com.ui.edu.ng', 'Website': 'www.ui.edu.ng', 'live_chat': 'Available from 9:00 AM to 4:00 PM', 'enquiries_team': 'Contact through the Postgraduate College website.', 'phone_lines': {'head_of_unit_office': '0262837103', 'software_sub_unit_office': '0262837313', 'network_sub_unit': '0262837023', 'training_and_hardware': '0262837323'}}"
Counseling services at University of Ibadan,department of guidance and counselling; counseling services; University of Ibadan counseling services; Career guidance; Student support; Psychological services,"{'services': ['Career counseling', 'Educational and school counseling', 'Marriage and family life counseling', 'Remedial and reformatory counseling', 'Assessment and testing', 'Youth and adolescent counseling', 'HIV/AIDS prevention counseling', 'Developmental psychology', 'Clinical psychology', 'Personnel psychology'], 'contact': ""Available through the university's official website""}"
University Health Services at the University of Ibadan,university health services; counseling services; Health and wellness; Emotional support; Medical counseling,"{'counseling_clinic': 'Provides 24-hour counseling services as part of its mental health support.', 'mental_health_clinic': 'Offers specialized mental health services with a visiting psychiatrist on Wednesdays.', 'medical_social_work_services': ['Counseling', 'Student support', 'Situational crisis management', 'Referrals', 'Home visits', 'Sex and sexualities issues']}"
Career development and counselling centre at the University of Ibadan,counseling services; career development and counselling centre; Student counseling; Career guidance; Personal development counseling,"{'services': 'Focuses on career development and counseling to support students in their professional paths.', 'contact': ""Available through the university's official website""}"
Jaja clinic at the University of Ibadan,university health services; jaja clinic; health services,"{'Jaja cliniclocation': 'Located on campus, the Jaja Clinic provides primary healthcare services to students.', 'services': ['General medical consultations', 'Emergency care', 'Referrals to specialized services'], 'registration': 'Mandatory for all students; failure to register may result in a surcharge and denial of service.'}"
university College Hospital location at the University of Ibadan,university college hospital; UCH; uch; U.C.H; u.c.h; Healthcare services,"Location: Strategically located near the university, UCH is a federal teaching hospital attached to the University of Ibadan. | tertiary_healthcare service: Provides advanced medical services across various specialties. | training_and_research service: Offers postgraduate residency training programs and houses several research centers, including the Institute of Advanced Medical Research and Training (IAMRAT). | community_outreach service: Engages in community-based healthcare services at several locations around Ibadan."
Institute of child health at the University of Ibadan,institute of child health; child health; children health,"Location: Situated within the College of Medicine, UCH. | {'child and adolescent health': 'Focuses on research, training, and services related to child health.', 'operational_strategy': ['Child welfare clinics', 'Adolescent health clinics', 'Routine laboratory services']}"
X-ray and screening centers at the University of Ibadan,other facilities; xray and screening centers; x-ray centers; Radiology services; Medical checkups,"Various faculties have designated centers for medical screening, including the College of Clinical Sciences and Veterinary Medicine."
Internship opportunities at the University of Ibadan,internship opportunities; career guidance and counsellingunit; career development programs; Guidance for student internships; Career coaching for UI studentsUniversity of Ibadan job counseling; shell nigeria siwes programme; shell nigeria; college research and innovation management; UI portal; internship portal,"{'Career guidance and counselling description': 'Collaborates with corporate organizations to offer internships and career talks for students.', 'services': ['Facilitates placements in industries for practical training.', 'Focus areas include technology and agriculture.']} | {'Shell Nigeria description': 'Offers internships to Nigerian students in higher institutions, focusing on engineering, geosciences, IT, sciences, social sciences, and commercial fields.', 'eligibility': ['Must be a full-time undergraduate student.', 'Minimum CGPA of 3.5.']} | {'College research and innovation management description': 'Provides internship opportunities for students to gain relevant career experience in research and innovation.'} | {'university of ibadan internshipportal description': 'Manages internship placements for students, though currently closed for new applications.'}"
University of ibadan alumni association (UIIA) at the University of Ibadan,alumni network; university of ibadan alumni association; UIIA; former students network; alumni events and programs,"{""Alumni's"": 'The official alumni body of the university, connecting graduates worldwide.', 'activities': ['Organizes events, reunions, and awards to celebrate alumni achievements.'], 'contact_information': {'phone': '+2348179236929', 'email': ['uialumni@ui.edu.ng', 'uiaa60@yahoo.com']}} | {'Global Presence': ""UI's alumni network includes notable figures in literature, politics, business, and academia."", 'notable_alumni': ['Wole Soyinka (Nobel Laureate)', 'Chinua Achebe (Renowned Author)', 'Miriam Olusanya (First female MD of GTBank)']} | {""Alumni's direntory"": 'The university is compiling an alumni directory to enhance connections among graduates.', 'encouragement': 'Graduates are encouraged to submit their information for inclusion.'}"
Opportunities for students and graduates - mentorship programs at the University of Ibadan,opportunities for students and graduates; mentorship programs; workshops and seminars; internship networking; alumni networking; student networking,"Alumni mentor students through career guidance programs organized by the Career Guidance and Counselling Unit. | Reunions and conferences provide opportunities to connect with successful alumni for internships, job placements, and collaborations. | The alumni association honors outstanding individuals to inspire younger generations. | Alumni connections help facilitate job placements and internships for graduates through industry partnerships. | Alumni contribute to scholarship funds to support indigent or high-achieving students."
Notable alumni at the University of Ibadan,notable alumni; alumni achievements; alumni in business; Successful UI alumni,Wole Soyinka (Nobel Prize Winner in Literature) | Chinua Achebe (Author of 'Things Fall Apart') | Ifeanyi Okowa (Governor of Delta State) | Miriam Olusanya (First female MD of GTBank) | Claude Ake (Renowned political economist) | Ken Saro-Wiwa (Environmental activist and writer)
Overview at the University of Ibadan,University of Ibadan; UIHistory of University of Ibadan,"The University of Ibadan (UI) is a leading institution in Nigeria for research, innovation, and technology development. It fosters innovation, commercializes research outcomes, and addresses societal challenges through technology."
Key initiatives and programs - commercialization of research and innovation at the University of Ibadan,key initiatives and programs; commercialization of research and innovation; University of Ibadan; UI,"{'description': 'UI has a dedicated committee to commercialize patents and intellectual properties developed by researchers.', 'collaborations': 'The university partners with businesses and research funders to translate innovations into practical applications.', 'focus_areas': ['Agriculture', 'Energy', 'Health', 'Infrastructure']}"
Key initiatives and programs - university of ibadan research foundation uirf at the University of Ibadan,key initiatives and programs; university of ibadan research foundation uirf; Academic grants; Scholarly support; Research funding; University of Ibadan Research Foundation UI; Geo Hackathon; international innovation conference,"{'Research Projects': 'Funds interdisciplinary research projects addressing national development challenges.', 'focus_areas': ['Agriculture', 'Energy', 'Health', 'Water Resources']} | {'College of Medicine': 'College of Medicine', 'description': 'Engages medical students in research through structured programs, mentorship, and faculty collaborations.', 'goal': 'Builds a strong research culture while addressing critical health challenges.'} | {'Geo Hackathons': ""Collaborates with Oyo State's Urban Renewal Project."", 'focus': 'Uses geospatial data for urban resilience solutions, including flood risk management and urban planning.'} | {'International Innovation Conference event': 'Held during UI’s 75th anniversary in 2024.', 'theme': 'Research, Innovation, and Sustainable Development.', 'goal': 'Fosters global partnerships between academia, industry, and policymakers.'}"
Focus areas of innovation at the University of Ibadan,focus areas of innovation; areas of innovation; innovation focus,Agriculture | Energy | Health | Infrastructure
Distance learning centre (DLC) at the University of Ibadan,distance learning centre; dlconline learning platforms and resources; online learning; coursera; Online Library,"{'DLC': 'UI operates an Open Distance eLearning (ODeL) mode through its Distance Learning Centre (UIDLC).', 'courses_offered': 'Various faculties including Arts, Science, Education, Law, and Social Sciences.', 'learning_management_system': 'Students access materials via the UIDLC LMS for remote learning.', 'Coursera': 'UI partners with Coursera to offer free access to over 3,800 courses.', 'eligibility': 'Students and staff can enroll using their institutional email (@stu.ui.edu.ng).'} | {'Online Library': 'The Kenneth Dike Library provides various digital resources.', 'resources': ['Online Public Access Catalogue (OPAC)', 'Online books and journals', 'Internet archives', 'CD-ROM databases', 'Reference materials'], 'accessibility': 'Available both on-campus and remotely for distance learners.'}"
Features of online learning resources - interactivity at the University of Ibadan,interactivity; features of online learning,"Platforms include discussion forums, quizzes, and live sessions."
How to access online resources - uidlc_student_portal at the University of Ibadan,how to access online resources; online resources; dlc student portal,"{'url': 'https://dlcportal.ui.edu.ng/login', 'login_details': 'Matriculation number or registered email address.', 'instructions': 'Use @stu.ui.edu.ng email to enroll for free courses.', 'access_method': 'Available through Kenneth Dike Library’s digital platforms.', 'technical_support': 'For LMS or email issues, contact lmssupport@ui.edu.ng.'}"
Free wifi services - availability at the University of Ibadan,free wifi services; free wifi; wifi availaibility,"All halls of residence (may not function optimally). | All 13 faculties, covering 75% of the 107 departments. | Main library (a small fee may be required)."
Paid wifi services - locations at the University of Ibadan,paid wifi services; paid wifi; wifi service,Main library | A small fee is charged for access. | Wi-Fi access points are distributed across academic and administrative areas.
Concentration at the University of Ibadan,access points; concentration points,Faculty Libraries | Kenneth Dike Library (KDL)
Wifi performance at the University of Ibadan,wifi performance; wifi challenges,Free Wi-Fi in halls of residence may not function optimally.
Power supply at the University of Ibadan,power supply challenges,Unstable power supply affects connectivity.
Bandwidth limitations at the University of Ibadan,bandwidth limitations,Bandwidth is limited due to reliance on middlemen rather than direct providers.
future plans - consideration at the University of Ibadan,future plans,The university administration is exploring implementing fully functional paid Wi-Fi services for students.
Innovate UK Business Connect at the University of Ibadan,Innovationuk business; key partnerships,"{'focus': 'Commercialization of research and innovation outcomes.', 'details': 'UI collaborates with Innovate UK to commercialize patents and intellectual property, supporting national development through innovation.'}"
Huawei Technologies at the University of Ibadan,key partnerships; huawei,"{'focus': 'ICT training and job opportunities.', 'details': 'Huawei organizes job fairs, campus talks, and certification programs to bridge the digital skills gap and enhance employability.'}"
"Infinix, UNESCO, and Google at the University of Ibadan",Google; Infinix; unesco; key partnerships,"{'focus': 'STEM education and AI/robotics training.', 'details': 'Through the CogLabs workshop, students engage in AI programming, robotics training, and hands-on STEM education using innovative tools.'}"
Small and Medium Enterprises (SMEs) at the University of Ibadan,medium Enterprises; small Enterprises; key partnerships,"{'focus': 'Entrepreneurship development.', 'details': 'UI collaborates with SMEs to promote business incubation through mentorship, networking, and entrepreneurship fairs.'}"
OPay Scholarship Initiative at the University of Ibadan,key partnerships; opay scholarship,"{'focus': 'Education funding.', 'details': 'OPay provides a 10-year scholarship program to support financially underprivileged but talented students.'}"
Technology infrastructure development - Infinix ICT Student Resource Centre at the University of Ibadan,technology infrastructure development; ict; infinix,"{'focus': 'Technological excellence.', 'details': 'Renovated by Infinix to host AI, robotics, and emerging tech workshops.'}"
technology_infrastructure_development - Public-Private Partnerships (PPP) at the University of Ibadan,technology infrastructure development; public private; ppp,"{'focus': 'Infrastructure development.', 'details': ""Collaborations with private entities enhance UI's ICT learning facilities.""}"
Opportunities for students - job fairs and career development at the University of Ibadan,job fairs and careercdevelopment; opportunities for students; Huawei,Huawei job fairs offering direct employment opportunities. | SME networking events for entrepreneurship.
Opportunities for students - scholarships at the University of Ibadan,Opay scholarship; opportunities for students,OPay’s 10-year scholarship program for talented students.
